43.2897729874,144,-112705.810393,115646.897632,115724.212316,-187500.022352,-187500.022352,-187500.022352,-187500.022352,-187500.022352,
43.3210678101,145,-104383.294807,115176.505169,115250.981182,-187500.022352,-187500.022352,-187500.022352,-187500.022352,-187500.022352,
43.3449378014,146,-103955.750639,115285.849903,115360.12475,-187500.022352,-187500.022352,-187500.022352,-187500.022352,-187500.022352,
43.5787448883,147,-108943.251841,115791.446363,115867.598756,-187500.022352,-187500.022352,-187500.022352,-187500.022352,-187500.022352,
43.7674908638,148,-105855.559511,115654.720742,115729.91201,-187500.022352,-187500.022352,-187500.022352,-187500.022352,-187500.022352,
43.8753769398,149,-97624.4625598,115133.746282,115205.942417,-187500.022352,-187500.022352,-187500.022352,-187500.022352,-187500.022352,
43.9036118984,150,-96216.5261765,115133.723931,115205.495382,-187500.022352,-187500.022352,-187500.022352,-187500.022352,-187500.022352,
44.1227068901,151,-101322.066942,115637.599306,115711.248304,-187500.022352,-187500.022352,-187500.022352,-187500.022352,-187500.022352,
44.2351617813,177,-117773.33084,88543.8875608,88605.9360034,-187500.022352,-187500.022352,-187500.022352,-187500.022352,-187500.022352,
44.2846670151,178,-117774.0908,88533.0022613,88595.1177591,-187500.022352,-187500.022352,-187500.022352,-187500.022352,-187500.022352,
44.5273039341,179,-117772.81675,88519.5018076,88581.5949537,-187500.022352,-187500.022352,-187500.022352,-187500.022352,-187500.022352,
44.5535399914,180,-117773.442599,88508.0577145,88570.0391018,-187500.022352,-187500.022352,-187500.022352,-187500.022352,-187500.022352,
44.6435499191,181,-117774.068448,88496.5018626,88558.3491395,-187500.022352,-187500.022352,-187500.022352,-187500.022352,-187500.022352,
44.8898279667,182,-117772.43677,88483.1578711,88545.094555,-187500.022352,-187500.022352,-187500.022352,-187500.022352,-187500.022352,
44.9859759808,183,-117772.593233,88471.2890948,88533.3151857,-187500.022352,-187500.022352,-187500.022352,-187500.022352,-187500.022352,
45.1139159203,184,-117771.989736,88458.7721179,88520.6640983,-187500.022352,-187500.022352,-187500.022352,-187500.022352,-187500.022352,
45.242497921,185,-117771.319183,88446.0539754,88508.013011,-187500.022352,-187500.022352,-187500.022352,-187500.022352,-187500.022352,
45.2603349686,186,-117769.955727,88432.8217426,88494.8701852,-187500.022352,-187500.022352,-187500.022352,-187500.022352,-187500.022352,
45.3215777874,187,-117770.00043,88420.8859111,88482.8896502,-187500.022352,-187500.022352,-187500.022352,-187500.022352,-187500.022352,
45.5699868202,188,-117768.569919,88407.2736987,88469.1880309,-187500.022352,-187500.022352,-187500.022352,-187500.022352,-187500.022352,
45.5991778374,189,-117767.340573,88393.9073555,88455.9110947,-187500.022352,-187500.022352,-187500.022352,-187500.022352,-187500.022352,
45.6147999763,190,-117766.67002,88381.2786199,88443.371766,-187500.022352,-187500.022352,-187500.022352,-187500.022352,-187500.022352,
45.6368849277,191,-117768.569919,88371.4438524,88433.5369985,-187500.022352,-187500.022352,-187500.022352,-187500.022352,-187500.022352,
45.7719860077,192,-117768.614622,88359.4409656,88421.4447047,-187500.022352,-187500.022352,-187500.022352,-187500.022352,-187500.022352,
45.8911478519,193,-117769.039305,88347.8180585,88409.8441493,-187500.022352,-187500.022352,-187500.022352,-187500.022352,-187500.022352,
46.0080440044,194,-117769.039305,88335.9492822,88397.9306695,-187500.022352,-187500.022352,-187500.022352,-187500.022352,-187500.022352,
46.0557188988,195,-117767.921718,88323.1193808,88385.1901752,-187500.022352,-187500.022352,-187500.022352,-187500.022352,-187500.022352,
46.1498088837,196,-117767.497035,88310.3788865,88372.4049774,-187500.022352,-187500.022352,-187500.022352,-187500.022352,-187500.022352,
46.2836339474,197,-117764.99364,88295.7384939,88357.7198813,-187500.022352,-187500.022352,-187500.022352,-187500.022352,-187500.022352,
46.302107811,198,-117764.054866,88282.7521304,88344.7782212,-187500.022352,-187500.022352,-187500.022352,-187500.022352,-187500.022352,
46.4133188725,199,-117766.53591,88273.6102669,88335.7257647,-187500.022352,-187500.022352,-187500.022352,-187500.022352,-187500.022352,
46.5285577774,200,-117767.251166,88262.3002842,88324.3487268,-187500.022352,-187500.022352,-187500.022352,-187500.022352,-187500.022352,
46.5484218597,201,-117766.67002,88249.8503625,88311.7646947,-187500.022352,-187500.022352,-187500.022352,-187500.022352,-187500.022352,
46.8212959766,202,-117767.251166,88238.2945106,88300.275898,-187500.022352,-187500.022352,-187500.022352,-187500.022352,-187500.022352,
46.901211977,203,-117767.474683,88226.7833622,88288.7871014,-187500.022352,-187500.022352,-187500.022352,-187500.022352,-187500.022352,
47.080316782,204,-117768.346401,88215.4286761,88277.4100634,-187500.022352,-187500.022352,-187500.022352,-187500.022352,-187500.022352,
47.2898240089,205,-117765.373619,88200.4306555,88262.4120429,-187500.022352,-187500.022352,-187500.022352,-187500.022352,-187500.022352,
47.3387799263,206,-117764.23368,88187.0866641,88249.0680515,-187500.022352,-187500.022352,-187500.022352,-187500.022352,-187500.022352,
47.3687589169,207,-117764.121922,88175.2402395,88237.2886821,-187500.022352,-187500.022352,-187500.022352,-187500.022352,-187500.022352,
47.4912087917,208,-117764.591308,88163.8855533,88225.8892925,-187500.022352,-187500.022352,-187500.022352,-187500.022352,-187500.022352,
47.7088768482,209,-117765.105398,88152.3967567,88214.3557923,-187500.022352,-187500.022352,-187500.022352,-187500.022352,-187500.022352,
47.8069598675,210,-117762.423189,88137.6222536,88199.5812892,-187500.022352,-187500.022352,-187500.022352,-187500.022352,-187500.022352,
47.8377668858,211,-117761.618526,88125.1052767,88187.0866641,-187500.022352,-187500.022352,-187500.022352,-187500.022352,-187500.022352,
47.9532968998,212,-117762.602003,88114.0188115,88176.0225506,-187500.022352,-187500.022352,-187500.022352,-187500.022352,-187500.022352,
48.0951178074,213,-117762.244375,88101.5241863,88163.4161667,-187500.022352,-187500.022352,-187500.022352,-187500.022352,-187500.022352,
48.1467587948,214,-117760.702105,88087.8449187,88149.7816026,-187500.022352,-187500.022352,-187500.022352,-187500.022352,-187500.022352,
48.230948925,215,-117761.41736,88076.6466947,88138.6951373,-187500.022352,-187500.022352,-187500.022352,-187500.022352,-187500.022352,
48.3640708923,216,-117757.617564,88061.2910463,88123.3394889,-187500.022352,-187500.022352,-187500.022352,-187500.022352,-187500.022352,
48.5519449711,217,-117755.963535,88047.5670752,88109.5484626,-187500.022352,-187500.022352,-187500.022352,-187500.022352,-187500.022352,
48.63438797,218,-117757.841081,88037.4193832,88099.3113636,-187500.022352,-187500.022352,-187500.022352,-187500.022352,-187500.022352,
48.8120279312,219,-117758.310468,88025.8411796,88087.7555117,-187500.022352,-187500.022352,-187500.022352,-187500.022352,-187500.022352,
48.9030900002,220,-117756.522328,88012.1395602,88074.0762441,-187500.022352,-187500.022352,-187500.022352,-187500.022352,-187500.022352,
49.088301897,221,-117755.270631,87998.7508653,88060.5981422,-187500.022352,-187500.022352,-187500.022352,-187500.022352,-187500.022352,
49.3104879856,222,-117754.577727,87986.0550745,88047.9694066,-187500.022352,-187500.022352,-187500.022352,-187500.022352,-187500.022352,
49.3486750126,223,-117755.605907,87975.1027197,88037.0617553,-187500.022352,-187500.022352,-187500.022352,-187500.022352,-187500.022352,
49.4791398048,224,-117756.298811,87964.2397719,88026.0870488,-187500.022352,-187500.022352,-187500.022352,-187500.022352,-187500.022352,
49.5780379772,225,-117755.203576,87951.0969461,88013.1006853,-187500.022352,-187500.022352,-187500.022352,-187500.022352,-187500.022352,
49.7048399448,226,-117754.287154,87938.2670448,88000.2484322,-187500.022352,-187500.022352,-187500.022352,-187500.022352,-187500.022352,
49.875305891,227,-117753.169567,87925.0795156,87986.971496,-187500.022352,-187500.022352,-187500.022352,-187500.022352,-187500.022352,
49.9451949596,228,-117752.3202,87912.4060765,87974.3427604,-187500.022352,-187500.022352,-187500.022352,-187500.022352,-187500.022352,
49.9964389801,229,-117750.934392,87898.8832711,87960.8423067,-187500.022352,-187500.022352,-187500.022352,-187500.022352,-187500.022352,
50.1470398903,230,-117750.621468,87886.5674599,87948.5041438,-187500.022352,-187500.022352,-187500.022352,-187500.022352,-187500.022352,
50.2622618675,231,-117748.363942,87872.3517504,87934.2660826,-187500.022352,-187500.022352,-187500.022352,-187500.022352,-187500.022352,
50.2968800068,232,-117748.922735,87861.3323404,87923.3137278,-187500.022352,-187500.022352,-187500.022352,-187500.022352,-187500.022352,
50.4446818829,233,-117751.224965,87851.6763868,87913.6130707,-187500.022352,-187500.022352,-187500.022352,-187500.022352,-187500.022352,
50.6117348671,234,-117750.465006,87838.9135407,87900.8055211,-187500.022352,-187500.022352,-187500.022352,-187500.022352,-187500.022352,
50.6521599293,235,-117750.062674,87826.3518603,87888.2661925,-187500.022352,-187500.022352,-187500.022352,-187500.022352,-187500.022352,
50.9449729919,236,-117749.36977,87813.7454765,87875.5704016,-187500.022352,-187500.022352,-187500.022352,-187500.022352,-187500.022352,
51.0129108429,237,-117749.079198,87801.5861275,87863.3887009,-187500.022352,-187500.022352,-187500.022352,-187500.022352,-187500.022352,
51.1560359001,238,-117748.028666,87788.3762465,87850.1341164,-187500.022352,-187500.022352,-187500.022352,-187500.022352,-187500.022352,
51.418063879,239,-117748.20748,87776.4180632,87838.2876919,-187500.022352,-187500.022352,-187500.022352,-187500.022352,-187500.022352,
51.5477068424,240,-117749.258011,87765.8233363,87827.692965,-187500.022352,-187500.022352,-187500.022352,-187500.022352,-187500.022352,
51.6284828186,241,-117752.141387,87756.9720455,87818.9087294,-187500.022352,-187500.022352,-187500.022352,-187500.022352,-187500.022352,
51.8209929466,242,-117750.822634,87743.4715919,87805.4529793,-187500.022352,-187500.022352,-187500.022352,-187500.022352,-187500.022352,
52.0510468483,243,-117748.676866,87729.3229376,87791.2819733,-187500.022352,-187500.022352,-187500.022352,-187500.022352,-187500.022352,
52.1155669689,244,-117743.938296,87712.5591293,87774.4958132,-187500.022352,-187500.022352,-187500.022352,-187500.022352,-187500.022352,
52.2559139729,245,-117744.49709,87701.4056088,87763.2975892,-187500.022352,-187500.022352,-187500.022352,-187500.022352,-187500.022352,
52.3090798855,246,-117745.547622,87690.4979575,87752.3005309,-187500.022352,-187500.022352,-187500.022352,-187500.022352,-187500.022352,
52.5472519398,247,-117745.100587,87678.0480359,87739.9176645,-187500.022352,-187500.022352,-187500.022352,-187500.022352,-187500.022352,
52.6885368824,248,-117744.161814,87665.262838,87727.1995219,-187500.022352,-187500.022352,-187500.022352,-187500.022352,-187500.022352,
52.7170119286,249,-117744.899421,87654.3775385,87716.2695189,-187500.022352,-187500.022352,-187500.022352,-187500.022352,-187500.022352,
53.0238938332,250,-117745.815843,87643.134611,87705.0265914,-187500.022352,-187500.022352,-187500.022352,-187500.022352,-187500.022352,
53.0771429539,251,-117746.151119,87631.4222969,87693.2025186,-187500.022352,-187500.022352,-187500.022352,-187500.022352,-187500.022352,
53.207379818,252,-117745.659381,87618.7041543,87680.394969,-187500.022352,-187500.022352,-187500.022352,-187500.022352,-187500.022352,
53.2988779545,253,-117745.949953,87607.3718199,87669.1520416,-187500.022352,-187500.022352,-187500.022352,-187500.022352,-187500.022352,
53.3150749207,254,-117744.854718,87594.2513459,87656.1209746,-187500.022352,-187500.022352,-187500.022352,-187500.022352,-187500.022352,
53.6190547943,255,-117744.228869,87581.6226103,87643.5369424,-187500.022352,-187500.022352,-187500.022352,-187500.022352,-187500.022352,
53.7063639164,0,-117743.714779,87569.1726886,87631.1093725,-187500.022352,-187500.022352,-187500.022352,-187500.022352,-187500.022352,
53.856648922,1,-117743.155985,87557.0803949,87619.0617822,-187500.022352,-187500.022352,-187500.022352,-187500.022352,-187500.022352,
54.0300998688,2,-117742.530136,87544.5410662,87606.4106949,-187500.022352,-187500.022352,-187500.022352,-187500.022352,-187500.022352,
54.1485059261,3,-117741.323142,87531.26413,87593.022,-187500.022352,-187500.022352,-187500.022352,-187500.022352,-187500.022352,
54.2747359276,4,-117742.217212,87519.8200369,87581.6226103,-187500.022352,-187500.022352,-187500.022352,-187500.022352,-187500.022352,
54.3648188114,5,-117741.948991,87507.7277431,87569.4632613,-187500.022352,-187500.022352,-187500.022352,-187500.022352,-187500.022352,
54.4964230061,6,-117741.881936,87495.8813186,87557.5721333,-187500.022352,-187500.022352,-187500.022352,-187500.022352,-187500.022352,
54.654984951,7,-117738.685636,87480.6150771,87542.372947,-187500.022352,-187500.022352,-187500.022352,-187500.022352,-187500.022352,
54.7346448898,8,-117740.183203,87470.2662194,87532.0911446,-187500.022352,-187500.022352,-187500.022352,-187500.022352,-187500.022352,
54.7648348808,9,-117740.518479,87458.7997745,87520.5576444,-187500.022352,-187500.022352,-187500.022352,-187500.022352,-187500.022352,
55.1546328068,10,-117740.697293,87447.3109779,87509.0688478,-187500.022352,-187500.022352,-187500.022352,-187500.022352,-187500.022352,
55.2636258602,11,-117739.311485,87433.743469,87495.5907459,-187500.022352,-187500.022352,-187500.022352,-187500.022352,-187500.022352,
55.3859798908,12,-117737.031607,87419.3265938,87481.2185742,-187500.022352,-187500.022352,-187500.022352,-187500.022352,-187500.022352,
55.4298849106,13,-117736.338703,87406.6755064,87468.4780799,-187500.022352,-187500.022352,-187500.022352,-187500.022352,-187500.022352,
55.5576438904,14,-117738.86445,87397.444236,87459.2915129,-187500.022352,-187500.022352,-187500.022352,-187500.022352,-187500.022352,
55.7311198711,15,-117740.362017,87386.8942126,87448.7191378,-187500.022352,-187500.022352,-187500.022352,-187500.022352,-187500.022352,
55.8783149719,16,-117738.663285,87373.4608142,87435.1963324,-187500.022352,-187500.022352,-187500.022352,-187500.022352,-187500.022352,
56.0275478363,17,-117737.121014,87360.0274158,87421.7629339,-187500.022352,-187500.022352,-187500.022352,-187500.022352,-187500.022352,
56.0879499912,18,-117740.026741,87351.3325872,87413.1128088,-187500.022352,-187500.022352,-187500.022352,-187500.022352,-187500.022352,
56.1669929028,19,-117741.948991,87341.2072469,87402.9651169,-187500.022352,-187500.022352,-187500.022352,-187500.022352,-187500.022352,
56.2045137882,20,-117740.071445,87327.1032962,87388.7494074,-187500.022352,-187500.022352,-187500.022352,-187500.022352,-187500.022352,
56.4150547981,21,-117741.434901,87316.3297553,87378.02057,-187500.022352,-187500.022352,-187500.022352,-187500.022352,-187500.022352,
56.5363647938,22,-117743.133634,87306.3385256,87368.141099,-187500.022352,-187500.022352,-187500.022352,-187500.022352,-187500.022352,
56.6961658001,23,-117742.038398,87293.4192173,87355.2217907,-187500.022352,-187500.022352,-187500.022352,-187500.022352,-187500.022352,
56.7497768402,24,-117740.071445,87279.5164322,87341.4084126,-187500.022352,-187500.022352,-187500.022352,-187500.022352,-187500.022352,
56.8372979164,25,-117736.897497,87264.406653,87326.2315781,-187500.022352,-187500.022352,-187500.022352,-187500.022352,-187500.022352,
57.2112019062,27,-117738.506822,87242.4795917,87304.2151099,-187500.022352,-187500.022352,-187500.022352,-187500.022352,-187500.022352,
57.3191549778,28,-117736.741035,87228.6438618,87290.2676213,-187500.022352,-187500.022352,-187500.022352,-187500.022352,-187500.022352,
57.3491029739,29,-117735.176412,87215.0316495,87276.7224642,-187500.022352,-187500.022352,-187500.022352,-187500.022352,-187500.022352,
57.4392528534,30,-117736.629276,87204.7274953,87266.4853652,-187500.022352,-187500.022352,-187500.022352,-187500.022352,-187500.022352,
57.6726558208,31,-117737.344532,87193.6857335,87255.3765482,-187500.022352,-187500.022352,-187500.022352,-187500.022352,-187500.022352,
57.7631998062,32,-117737.143366,87181.4146258,87243.1724957,-187500.022352,-187500.022352,-187500.022352,-187500.022352,-187500.022352,
58.0053617954,33,-117737.433939,87169.8811257,87231.5719404,-187500.022352,-187500.022352,-187500.022352,-187500.022352,-187500.022352,
58.1432509422,34,-117735.77991,87156.4477273,87218.1161902,-187500.022352,-187500.022352,-187500.022352,-187500.022352,-187500.022352,
58.2144799232,35,-117733.969418,87142.9472736,87204.5933848,-187500.022352,-187500.022352,-187500.022352,-187500.022352,-187500.022352,
58.2828609943,36,-117733.634142,87130.407945,87192.0540562,-187500.022352,-187500.022352,-187500.022352,-187500.022352,-187500.022352,
58.3164038658,37,-117733.880011,87118.6956309,87180.4087973,-187500.022352,-187500.022352,-187500.022352,-187500.022352,-187500.022352,
58.3977367878,38,-117731.577782,87104.5916801,87166.2154396,-187500.022352,-187500.022352,-187500.022352,-187500.022352,-187500.022352,
58.4153809547,39,-117731.801299,87093.1028835,87154.8384017,-187500.022352,-187500.022352,-187500.022352,-187500.022352,-187500.022352,
58.5458118916,40,-117731.644837,87080.898831,87142.7014044,-187500.022352,-187500.022352,-187500.022352,-187500.022352,-187500.022352,
58.6641027927,41,-117730.415491,87067.9124675,87129.7150409,-187500.022352,-187500.022352,-187500.022352,-187500.022352,-187500.022352,
59.0135729313,118,-115634.268896,42938.3940027,42993.3122388,-187500.022352,-187500.022352,-187500.022352,-187500.022352,-187500.022352,
59.0494318008,119,-115635.386483,42928.7156974,42983.678637,-187500.022352,-187500.022352,-187500.022352,-187500.022352,-187500.022352,
59.0901069641,120,-115634.112434,42916.2657757,42971.2510671,-187500.022352,-187500.022352,-187500.022352,-187500.022352,-187500.022352,
59.2748367786,121,-115633.352474,42904.6205169,42959.538753,-187500.022352,-187500.022352,-187500.022352,-187500.022352,-187500.022352,
59.3975739479,122,-115632.748977,42892.796444,42947.7146802,-187500.022352,-187500.022352,-187500.022352,-187500.022352,-187500.022352,
59.5133988857,123,-115631.989018,42881.1735369,42936.091773,-187500.022352,-187500.022352,-187500.022352,-187500.022352,-187500.022352,
59.6436188221,124,-115631.184355,42869.0365397,42923.8877206,-187500.022352,-187500.022352,-187500.022352,-187500.022352,-187500.022352,
59.6822748184,125,-115631.519631,42858.0618332,42912.9800693,-187500.022352,-187500.022352,-187500.022352,-187500.022352,-187500.022352,
59.7146129608,126,-115627.451614,42842.6614812,42897.5797173,-187500.022352,-187500.022352,-187500.022352,-187500.022352,-187500.022352,
59.7642347813,127,-115626.468137,42830.9491671,42885.7779963,-187500.022352,-187500.022352,-187500.022352,-187500.022352,-187500.022352,
60.0963089466,128,-115626.535192,42820.197978,42875.0044554,-187500.022352,-187500.022352,-187500.022352,-187500.022352,-187500.022352,
60.1183109283,129,-115626.065806,42808.5527192,42863.4262518,-187500.022352,-187500.022352,-187500.022352,-187500.022352,-187500.022352,
60.173530817,130,-115625.596419,42796.8627568,42851.780993,-187500.022352,-187500.022352,-187500.022352,-187500.022352,-187500.022352,
60.3977479935,131,-115625.931695,42786.089216,42840.9851004,-187500.022352,-187500.022352,-187500.022352,-187500.022352,-187500.022352,
60.641078949,132,-115627.675131,42776.7238351,42831.5303125,-187500.022352,-187500.022352,-187500.022352,-187500.022352,-187500.022352,
60.7237308025,133,-115626.937524,42764.6315413,42819.4380187,-187500.022352,-187500.022352,-187500.022352,-187500.022352,-187500.022352,
60.8678548336,134,-115624.143556,42750.6840528,42805.5799372,-187500.022352,-187500.022352,-187500.022352,-187500.022352,-187500.022352,
61.0286099911,135,-115622.489527,42738.1000207,42792.9064981,-187500.022352,-187500.022352,-187500.022352,-187500.022352,-187500.022352,
61.1698958874,136,-115621.751919,42726.5888723,42781.4624049,-187500.022352,-187500.022352,-187500.022352,-187500.022352,-187500.022352,
61.4238679409,137,-115621.930733,42715.5247588,42770.3088844,-187500.022352,-187500.022352,-187500.022352,-187500.022352,-187500.022352,
61.4667818546,138,-115621.617809,42704.1700726,42758.887143,-187500.022352,-187500.022352,-187500.022352,-187500.022352,-187500.022352,
61.658700943,139,-115621.237829,42692.5918689,42747.3983464,-187500.022352,-187500.022352,-187500.022352,-187500.022352,-187500.022352,
61.7042729855,140,-115619.963779,42680.343113,42735.1048869,-187500.022352,-187500.022352,-187500.022352,-187500.022352,-187500.022352,
61.8906679153,141,-115616.856887,42665.8591826,42720.6433082,-187500.022352,-187500.022352,-187500.022352,-187500.022352,-187500.022352,
62.0344719887,142,-115616.566314,42654.5044964,42709.3109738,-187500.022352,-187500.022352,-187500.022352,-187500.022352,-187500.022352,
62.2277488708,143,-115616.499259,42643.3062724,42698.0233429,-187500.022352,-187500.022352,-187500.022352,-187500.022352,-187500.022352,
62.2679460049,144,-115615.605189,42631.8398275,42686.5568979,-187500.022352,-187500.022352,-187500.022352,-187500.022352,-187500.022352,
62.3693509102,145,-115615.895762,42620.775714,42675.6715984,-187500.022352,-187500.022352,-187500.022352,-187500.022352,-187500.022352,
62.4418158531,146,-115614.755823,42608.5046063,42663.4228424,-187500.022352,-187500.022352,-187500.022352,-187500.022352,-187500.022352,
62.4620118141,147,-115615.247561,42597.7087137,42652.5822464,-187500.022352,-187500.022352,-187500.022352,-187500.022352,-187500.022352,
62.7114319801,148,-115614.152326,42585.6611235,42640.6017113,-187500.022352,-187500.022352,-187500.022352,-187500.022352,-187500.022352,
62.7667570114,149,-115614.84523,42575.1334518,42629.9846327,-187500.022352,-187500.022352,-187500.022352,-187500.022352,-187500.022352,
62.9185669422,150,-115612.744166,42561.8565156,42616.7524,-187500.022352,-187500.022352,-187500.022352,-187500.022352,-187500.022352,
62.9820168018,151,-115611.693634,42549.6301114,42604.503644,-187500.022352,-187500.022352,-187500.022352,-187500.022352,-187500.022352,
63.2646758556,152,-115608.586742,42535.9955473,42590.8243764,-187500.022352,-187500.022352,-187500.022352,-187500.022352,-187500.022352,
63.3837769032,153,-115606.843305,42523.165646,42578.0391786,-187500.022352,-187500.022352,-187500.022352,-187500.022352,-187500.022352,
63.4810187817,154,-115605.010462,42510.0898755,42564.9857599,-187500.022352,-187500.022352,-187500.022352,-187500.022352,-187500.022352,
63.5344069004,155,-115603.892875,42497.707009,42552.6475969,-187500.022352,-187500.022352,-187500.022352,-187500.022352,-187500.022352,
63.5558710098,156,-115604.71989,42487.4475583,42542.1869805,-187500.022352,-187500.022352,-187500.022352,-187500.022352,-187500.022352,
63.7242488861,157,-115603.982282,42475.7128925,42530.4746664,-187500.022352,-187500.022352,-187500.022352,-187500.022352,-187500.022352,
63.952780962,158,-115603.244675,42463.8217644,42518.6282419,-187500.022352,-187500.022352,-187500.022352,-187500.022352,-187500.022352,
64.0911438465,159,-115601.233018,42450.6789387,42505.5077679,-187500.022352,-187500.022352,-187500.022352,-187500.022352,-187500.022352,
64.2847578526,160,-115601.344776,42439.9277496,42494.734227,-187500.022352,-187500.022352,-187500.022352,-187500.022352,-187500.022352,
64.3396759033,161,-115602.372957,42430.0706303,42484.8771077,-187500.022352,-187500.022352,-187500.022352,-187500.022352,-187500.022352,
64.5523519516,162,-115603.535247,42419.9229383,42474.7517675,-187500.022352,-187500.022352,-187500.022352,-187500.022352,-187500.022352,
64.6692159176,163,-115602.529419,42407.7859411,42462.5700668,-187500.022352,-187500.022352,-187500.022352,-187500.022352,-187500.022352,
64.8020408154,164,-115601.858866,42395.8054061,42450.5224765,-187500.022352,-187500.022352,-187500.022352,-187500.022352,-187500.022352,
64.9764769077,165,-115601.188314,42384.2719059,42439.1007351,-187500.022352,-187500.022352,-187500.022352,-187500.022352,-187500.022352,
64.9934298992,166,-115600.473058,42372.1796122,42427.0531448,-187500.022352,-187500.022352,-187500.022352,-187500.022352,-187500.022352,
65.2871768475,167,-115599.131954,42359.7967458,42414.7596854,-187500.022352,-187500.022352,-187500.022352,-187500.022352,-187500.022352,
65.3461689949,168,-115596.695613,42346.4527543,42401.2815835,-187500.022352,-187500.022352,-187500.022352,-187500.022352,-187500.022352,
65.4721739292,169,-115596.829724,42335.8356757,42390.6198014,-187500.022352,-187500.022352,-187500.022352,-187500.022352,-187500.022352,
65.7242488861,170,-115594.885122,42322.4916843,42377.4993274,-187500.022352,-187500.022352,-187500.022352,-187500.022352,-187500.022352,
65.8104338646,171,-115594.438087,42310.9805359,42365.9211237,-187500.022352,-187500.022352,-187500.022352,-187500.022352,-187500.022352,
66.0862557888,172,-115596.181523,42301.4139892,42356.2651701,-187500.022352,-187500.022352,-187500.022352,-187500.022352,-187500.022352,
66.2375659943,173,-115594.482791,42288.9640676,42343.7481932,-187500.022352,-187500.022352,-187500.022352,-187500.022352,-187500.022352,
66.6333949566,174,-115592.180561,42275.4412622,42330.2030361,-187500.022352,-187500.022352,-187500.022352,-187500.022352,-187500.022352,
66.7714898586,175,-115593.298148,42265.3382737,42320.1447511,-187500.022352,-187500.022352,-187500.022352,-187500.022352,-187500.022352,
66.8523528576,176,-115595.287454,42256.3081689,42311.0699428,-187500.022352,-187500.022352,-187500.022352,-187500.022352,-187500.022352,
67.1502649784,177,-115592.873465,42243.1206397,42297.8824136,-187500.022352,-187500.022352,-187500.022352,-187500.022352,-187500.022352,
67.3224079609,178,-115587.956081,42227.1167907,42281.9679716,-187500.022352,-187500.022352,-187500.022352,-187500.022352,-187500.022352,
67.3535509109,179,-115587.844323,42215.806808,42270.5909336,-187500.022352,-187500.022352,-187500.022352,-187500.022352,-187500.022352,
67.3878829479,180,-115591.442954,42207.9389939,42262.6560644,-187500.022352,-187500.022352,-187500.022352,-187500.022352,-187500.022352,
67.4252309799,181,-115588.269006,42193.8573949,42248.5521136,-187500.022352,-187500.022352,-187500.022352,-187500.022352,-187500.022352,
67.6081058979,182,-115586.413811,42181.0721971,42235.7669158,-187500.022352,-187500.022352,-187500.022352,-187500.022352,-187500.022352,
67.8575558662,183,-115588.269006,42171.6621127,42226.3568314,-187500.022352,-187500.022352,-187500.022352,-187500.022352,-187500.022352,
68.0137197971,184,-115588.894855,42161.3803102,42216.0303254,-187500.022352,-187500.022352,-187500.022352,-187500.022352,-187500.022352,
68.1850478649,185,-115586.436163,42147.7680978,42202.5298718,-187500.022352,-187500.022352,-187500.022352,-187500.022352,-187500.022352,
68.2915527821,186,-115583.239863,42133.7759058,42188.5600315,-187500.022352,-187500.022352,-187500.022352,-187500.022352,-187500.022352,
68.4027268887,187,-115581.854055,42121.0354115,42175.8195371,-187500.022352,-187500.022352,-187500.022352,-187500.022352,-187500.022352,
68.4422519207,188,-115583.016346,42110.8877195,42165.5600864,-187500.022352,-187500.022352,-187500.022352,-187500.022352,-187500.022352,
68.6515069008,189,-115582.949291,42099.6000885,42154.3395107,-187500.022352,-187500.022352,-187500.022352,-187500.022352,-187500.022352,
68.6792128086,190,-115580.490599,42086.5019663,42141.196685,-187500.022352,-187500.022352,-187500.022352,-187500.022352,-187500.022352,
68.8854138851,191,-115580.915282,42075.6613702,42130.4454959,-187500.022352,-187500.022352,-187500.022352,-187500.022352,-187500.022352,
69.0578107834,192,-115581.071744,42064.7760707,42119.6272516,-187500.022352,-187500.022352,-187500.022352,-187500.022352,-187500.022352,
69.2807679176,193,-115579.976509,42052.504963,42107.3114404,-187500.022352,-187500.022352,-187500.022352,-187500.022352,-187500.022352,
69.3729259968,194,-115579.060087,42041.0161663,42095.6885333,-187500.022352,-187500.022352,-187500.022352,-187500.022352,-187500.022352,
69.6382517815,195,-115578.098962,42028.7450586,42083.4174256,-187500.022352,-187500.022352,-187500.022352,-187500.022352,-187500.022352,
69.7500360012,196,-115575.148532,42014.5069974,42069.2017161,-187500.022352,-187500.022352,-187500.022352,-187500.022352,-187500.022352,
70.0336508751,197,-115573.740372,42001.7441513,42056.43887,-187500.022352,-187500.022352,-187500.022352,-187500.022352,-187500.022352,
70.1770689487,198,-115574.120352,41991.3058867,42046.0453088,-187500.022352,-187500.022352,-187500.022352,-187500.022352,-187500.022352,
70.4211428165,199,-115572.756895,41978.8112615,42033.5953872,-187500.022352,-187500.022352,-187500.022352,-187500.022352,-187500.022352,
70.4516069889,200,-115573.06982,41968.3059416,42023.0006603,-187500.022352,-187500.022352,-187500.022352,-187500.022352,-187500.022352,
70.6267478466,201,-115575.573215,41959.6558165,42014.3058317,-187500.022352,-187500.022352,-187500.022352,-187500.022352,-187500.022352,
70.7375869751,202,-115574.656793,41947.8317437,42002.4594071,-187500.022352,-187500.022352,-187500.022352,-187500.022352,-187500.022352,
70.8479678631,203,-115569.024154,41931.1126388,41985.762654,-187500.022352,-187500.022352,-187500.022352,-187500.022352,-187500.022352,
71.0929319859,204,-115567.370125,41918.0592201,41972.7539388,-187500.022352,-187500.022352,-187500.022352,-187500.022352,-187500.022352,
71.2938959599,205,-115567.30307,41906.8162926,41961.4886596,-187500.022352,-187500.022352,-187500.022352,-187500.022352,-187500.022352,
71.3905179501,206,-115566.632517,41895.1263303,41949.7763455,-187500.022352,-187500.022352,-187500.022352,-187500.022352,-187500.022352,
71.5184237957,207,-115565.805503,41883.3469609,41938.0416796,-187500.022352,-187500.022352,-187500.022352,-187500.022352,-187500.022352,
71.5863549709,208,-115565.805503,41872.3051992,41926.9328626,-187500.022352,-187500.022352,-187500.022352,-187500.022352,-187500.022352,
71.6313188076,209,-115566.811331,41862.1128037,41916.8075224,-187500.022352,-187500.022352,-187500.022352,-187500.022352,-187500.022352,
71.8244698048,210,-115565.537282,41849.8193443,41904.6034699,-187500.022352,-187500.022352,-187500.022352,-187500.022352,-187500.022352,
71.9804828167,211,-115564.330287,41837.8164575,41892.5335279,-187500.022352,-187500.022352,-187500.022352,-187500.022352,-187500.022352,
72.0527319908,212,-115565.358468,41827.3558411,41881.9835045,-187500.022352,-187500.022352,-187500.022352,-187500.022352,-187500.022352,
72.4648988247,213,-115565.559633,41816.4705415,41871.1652602,-187500.022352,-187500.022352,-187500.022352,-187500.022352,-187500.022352,
72.6523900032,214,-115563.547976,41803.2383088,41857.9106758,-187500.022352,-187500.022352,-187500.022352,-187500.022352,-187500.022352,
72.817013979,215,-115561.558671,41790.453111,41845.1701814,-187500.022352,-187500.022352,-187500.022352,-187500.022352,-187500.022352,
73.030479908,216,-115558.20591,41776.0362358,41830.7533062,-187500.022352,-187500.022352,-187500.022352,-187500.022352,-187500.022352,
73.1806988716,217,-115557.155378,41764.0109973,41818.705716,-187500.022352,-187500.022352,-187500.022352,-187500.022352,-187500.022352,
73.2645668983,218,-115556.708343,41752.231628,41806.9486984,-187500.022352,-187500.022352,-187500.022352,-187500.022352,-187500.022352,
73.4331758022,219,-115555.769569,41740.6087209,41795.3257913,-187500.022352,-187500.022352,-187500.022352,-187500.022352,-187500.022352,
73.5242419243,220,-115554.651982,41728.002337,41782.7194074,-187500.022352,-187500.022352,-187500.022352,-187500.022352,-187500.022352,
73.6006770134,221,-115556.082494,41718.2793281,41772.9293433,-187500.022352,-187500.022352,-187500.022352,-187500.022352,-187500.022352,
73.6492989063,222,-115553.98143,41704.8906332,41759.6077036,-187500.022352,-187500.022352,-187500.022352,-187500.022352,-187500.022352,
74.0135498047,223,-115553.266174,41693.3794848,41748.1412587,-187500.022352,-187500.022352,-187500.022352,-187500.022352,-187500.022352,
74.0773718357,224,-115552.237994,41681.4883568,41736.1607237,-187500.022352,-187500.022352,-187500.022352,-187500.022352,-187500.022352,
74.2104518414,225,-115552.95325,41671.0947956,41725.7448108,-187500.022352,-187500.022352,-187500.022352,-187500.022352,-187500.022352,
74.2927439213,226,-115553.065008,41660.0530338,41714.7477525,-187500.022352,-187500.022352,-187500.022352,-187500.022352,-187500.022352,
74.6589019299,228,-115546.828872,41631.7557254,41686.4057405,-187500.022352,-187500.022352,-187500.022352,-187500.022352,-187500.022352,
74.7257168293,229,-115545.174842,41618.7917136,41673.5758392,-187500.022352,-187500.022352,-187500.022352,-187500.022352,-187500.022352,
74.7684288025,230,-115548.237031,41610.7450856,41665.4845077,-187500.022352,-187500.022352,-187500.022352,-187500.022352,-187500.022352,
74.9764227867,231,-115549.891061,41601.4691116,41656.1414786,-187500.022352,-187500.022352,-187500.022352,-187500.022352,-187500.022352,
75.2547168732,232,-115548.840529,41589.6897423,41644.4068127,-187500.022352,-187500.022352,-187500.022352,-187500.022352,-187500.022352,
75.3096868992,233,-115548.371142,41577.8880212,41632.6497951,-187500.022352,-187500.022352,-187500.022352,-187500.022352,-187500.022352,
75.37377882,234,-115546.94063,41565.4380996,41620.1775217,-187500.022352,-187500.022352,-187500.022352,-187500.022352,-187500.022352,
75.5611908436,235,-115548.035866,41555.4021663,41609.9627745,-187500.022352,-187500.022352,-187500.022352,-187500.022352,-187500.022352,
75.6980178356,236,-115550.114578,41546.4838203,41601.0667802,-187500.022352,-187500.022352,-187500.022352,-187500.022352,-187500.022352,
75.7369959354,237,-115550.338095,41535.4197068,41590.0250185,-187500.022352,-187500.022352,-187500.022352,-187500.022352,-187500.022352,
75.9776418209,238,-115547.722941,41521.6733839,41576.3457508,-187500.022352,-187500.022352,-187500.022352,-187500.022352,-187500.022352,
76.0206727982,239,-115545.800691,41508.5082064,41563.2252769,-187500.022352,-187500.022352,-187500.022352,-187500.022352,-187500.022352,
76.2129278183,240,-115545.711284,41497.8240726,41552.4964395,-187500.022352,-187500.022352,-187500.022352,-187500.022352,-187500.022352,
76.3793098927,241,-115543.364351,41484.2789154,41538.8842271,-187500.022352,-187500.022352,-187500.022352,-187500.022352,-187500.022352,
76.41760993,242,-115540.056293,41469.8396885,41524.5344072,-187500.022352,-187500.022352,-187500.022352,-187500.022352,-187500.022352,
76.680467844,51,-108024.013999,-9953.0082885,-9946.21335819,-181927.710107,-187500.022352,-187500.022352,-187500.022352,-187500.022352,
76.6975138187,52,-108020.705941,-9959.91497754,-9954.70702108,-181923.329165,-187500.022352,-187500.022352,-187500.022352,-187500.022352,
76.7620558739,53,-108019.141319,-9969.07919277,-9964.13945724,-181920.669308,-187500.022352,-187500.022352,-187500.022352,-187500.022352,
76.878661871,54,-108017.531993,-9965.77113459,-9960.60788162,-181917.964747,-187500.022352,-187500.022352,-187500.022352,-187500.022352,
76.9272229671,55,-108012.189926,-9951.57777686,-9944.00053549,-181911.639203,-187500.022352,-187500.022352,-187500.022352,-187500.022352,
76.9436988831,56,-108007.808984,-9966.64285262,-9955.31051818,-181906.252433,-187500.022352,-187500.022352,-187500.022352,-187500.022352,
76.9876129627,57,-108007.339598,-9983.56312317,-9971.71669861,-181904.866624,-187500.022352,-187500.022352,-187500.022352,-187500.022352,
77.1597099304,58,-108004.903257,-9981.52911443,-9970.24148348,-181901.379752,-187500.022352,-187500.022352,-187500.022352,-187500.022352,
77.2736330032,59,-108001.438737,-9964.34062294,-9953.70119258,-181896.797645,-187500.022352,-187500.022352,-187500.022352,-187500.022352,
77.5258619785,60,-107997.393071,-9960.80904732,-9952.04716349,-181891.589688,-187500.022352,-187500.022352,-187500.022352,-187500.022352,
77.6438379288,61,-107992.945074,-9973.48248642,-9965.34645144,-181886.068807,-187500.022352,-187500.022352,-187500.022352,-187500.022352,
77.7324459553,62,-107989.055871,-9972.20843699,-9963.98299503,-181881.196127,-187500.022352,-187500.022352,-187500.022352,-187500.022352,
78.1786909103,63,-107986.843048,-9961.63606186,-9951.98010826,-181877.955124,-187500.022352,-187500.022352,-187500.022352,-187500.022352,
78.2332448959,64,-107985.881923,-9966.79931483,-9954.59526236,-181875.85406,-187500.022352,-187500.022352,-187500.022352,-187500.022352,
78.3916809559,65,-107981.366871,-9983.2725505,-9971.31436721,-181870.243772,-187500.022352,-187500.022352,-187500.022352,-187500.022352,
78.4375808239,66,-107979.243455,-9984.14426853,-9973.72835561,-181867.069825,-187500.022352,-187500.022352,-187500.022352,-187500.022352,
78.5767447948,67,-107975.84599,-9970.82262883,-9962.7089456,-181862.577124,-187500.022352,-187500.022352,-187500.022352,-187500.022352,
78.6380028725,68,-107971.420344,-9955.89166354,-9952.58360536,-181857.033891,-187500.022352,-187500.022352,-187500.022352,-187500.022352,
78.6918787956,69,-107967.91112,-9971.94021606,-9970.24148348,-181852.541191,-187500.022352,-187500.022352,-187500.022352,-187500.022352,
78.7457637787,70,-107964.424248,-9975.3823847,-9974.7788876,-181848.137897,-187500.022352,-187500.022352,-187500.022352,-187500.022352,
78.8902049065,71,-107961.004431,-9968.69921311,-9967.06753577,-181843.555789,-187500.022352,-187500.022352,-187500.022352,-187500.022352,
79.1154108047,72,-107958.523388,-9963.3124427,-9959.98203277,-181840.046566,-187500.022352,-187500.022352,-187500.022352,-187500.022352,
79.1835589409,73,-107953.382487,-9979.29393998,-9975.3823847,-181833.832781,-187500.022352,-187500.022352,-187500.022352,-187500.022352,
79.3810689449,74,-107949.739152,-9984.43484121,-9981.48441094,-181829.205969,-187500.022352,-187500.022352,-187500.022352,-187500.022352,
79.4594459534,75,-107948.912138,-9978.01989055,-9975.33768121,-181827.239016,-187500.022352,-187500.022352,-187500.022352,-187500.022352,
79.5641679764,76,-107948.420399,-9960.00438452,-9958.66327985,-181825.540283,-187500.022352,-187500.022352,-187500.022352,-187500.022352,
79.7633059025,77,-107944.598251,-9971.91786431,-9970.57675965,-181820.868769,-187500.022352,-187500.022352,-187500.022352,-187500.022352,
79.8172168732,78,-107942.0278,-9982.33377723,-9981.55146617,-181817.29249,-187500.022352,-187500.022352,-187500.022352,-187500.022352,
80.0044519901,79,-107940.306716,-9980.50093418,-9979.85273359,-181814.364411,-187500.022352,-187500.022352,-187500.022352,-187500.022352,
80.1488199234,80,-107937.222175,-9972.27549222,-9969.12389626,-181810.206987,-187500.022352,-187500.022352,-187500.022352,-187500.022352,
80.4149909019,81,-107931.924812,-9981.37265222,-9976.96935856,-181803.948498,-187500.022352,-187500.022352,-187500.022352,-187500.022352,
80.4811959267,82,-107928.706161,-9994.336664,-9988.97224533,-181799.724019,-187500.022352,-187500.022352,-187500.022352,-187500.022352,
80.6639368534,83,-107924.034646,-9988.7040244,-9983.54077143,-181794.136082,-187500.022352,-187500.022352,-187500.022352,-187500.022352,
80.7556669712,84,-107919.787815,-9965.50291365,-9964.13945724,-181788.72696,-187500.022352,-187500.022352,-187500.022352,-187500.022352,
80.9262619019,85,-107915.831556,-9965.94994854,-9965.83818982,-181783.697818,-187500.022352,-187500.022352,-187500.022352,-187500.022352,
81.0288538933,86,-107911.137689,-9981.64087315,-9980.25506499,-181778.08753,-187500.022352,-187500.022352,-187500.022352,-187500.022352,
81.1781308651,87,-107908.544887,-9983.04903305,-9980.59034116,-181774.511251,-187500.022352,-187500.022352,-187500.022352,-187500.022352,
81.2404549122,88,-107905.370939,-9975.33768121,-9970.48735267,-181770.219716,-187500.022352,-187500.022352,-187500.022352,-187500.022352,
81.4647219181,89,-107902.30875,-9973.25896898,-9968.85567532,-181766.017588,-187500.022352,-187500.022352,-187500.022352,-187500.022352,
81.5047259331,90,-107900.319445,-9990.49216396,-9986.26768425,-181762.977751,-187500.022352,-187500.022352,-187500.022352,-187500.022352,
81.5985000134,91,-107899.559486,-9991.43093722,-9989.19576278,-181761.077852,-187500.022352,-187500.022352,-187500.022352,-187500.022352,
81.6752579212,92,-107896.653759,-9973.12485851,-9975.27062598,-181757.099242,-187500.022352,-187500.022352,-187500.022352,-187500.022352,
81.7626237869,93,-107893.233942,-9963.60301538,-9965.50291365,-181752.584189,-187500.022352,-187500.022352,-187500.022352,-187500.022352,
81.8838059902,94,-107889.769422,-9980.63504465,-9981.99850106,-181747.97973,-187500.022352,-187500.022352,-187500.022352,-187500.022352,
82.0456018448,95,-107885.746108,-9985.44066971,-9986.96058833,-181742.972939,-187500.022352,-187500.022352,-187500.022352,-187500.022352,
82.2410509586,96,-107878.995881,-9980.29976848,-9978.46692544,-181735.328643,-187500.022352,-187500.022352,-187500.022352,-187500.022352,
82.2945868969,97,-107876.246616,-9968.76626834,-9965.43585842,-181731.394736,-187500.022352,-187500.022352,-187500.022352,-187500.022352,
82.4123938084,98,-107873.631462,-9984.99363482,-9981.14913477,-181727.706698,-187500.022352,-187500.022352,-187500.022352,-187500.022352,
82.5439968109,99,-107870.435163,-9989.97807383,-9987.00529182,-181723.459866,-187500.022352,-187500.022352,-187500.022352,-187500.022352,
82.6816129684,100,-107867.887064,-9977.41639345,-9976.3882132,-181719.771829,-187500.022352,-187500.022352,-187500.022352,-187500.022352,
82.9411687851,101,-107863.975509,-9960.6972886,-9960.11614324,-181714.9215,-187500.022352,-187500.022352,-187500.022352,-187500.022352,
83.0632779598,102,-107862.410887,-9974.93534981,-9972.74487886,-181712.351049,-187500.022352,-187500.022352,-187500.022352,-187500.022352,
83.2597589493,103,-107858.298166,-9986.06651855,-9982.08790804,-181707.187796,-187500.022352,-187500.022352,-187500.022352,-187500.022352,
83.4951369762,104,-107856.152398,-9987.8993616,-9980.56798942,-181703.790331,-187500.022352,-187500.022352,-187500.022352,-187500.022352,
83.5409698486,105,-107851.547939,-9972.54371316,-9964.78765783,-181698.13534,-187500.022352,-187500.022352,-187500.022352,-187500.022352,
83.6760389805,106,-107851.257366,-9981.97614932,-9974.19774225,-181696.973049,-187500.022352,-187500.022352,-187500.022352,-187500.022352,
83.804997921,107,-107849.558634,-9994.60488494,-9986.67001565,-181694.179081,-187500.022352,-187500.022352,-187500.022352,-187500.022352,
83.9148240089,108,-107843.344849,-9984.83717261,-9979.36099522,-181686.847709,-187500.022352,-187500.022352,-187500.022352,-187500.022352,
83.9298429489,109,-107840.684991,-9968.85567532,-9964.38532643,-181683.159671,-187500.022352,-187500.022352,-187500.022352,-187500.022352,
84.0986688137,110,-107840.997915,-9972.90134107,-9969.88385557,-181682.332657,-187500.022352,-187500.022352,-187500.022352,-187500.022352,
84.3009028435,111,-107836.348753,-9989.3075215,-9985.57478018,-181676.588258,-187500.022352,-187500.022352,-187500.022352,-187500.022352,
84.4293429852,112,-107832.616011,-9994.78369889,-9987.42997496,-181671.983799,-187500.022352,-187500.022352,-187500.022352,-187500.022352,
84.4669458866,113,-107826.245764,-9979.78567836,-9971.94021606,-181664.652427,-187500.022352,-187500.022352,-187500.022352,-187500.022352,
84.5102508068,114,-107821.909526,-9974.3765562,-9966.64285262,-181659.288008,-187500.022352,-187500.022352,-187500.022352,-187500.022352,
84.7957379818,115,-107818.914392,-9989.03930057,-9982.6690534,-181655.443508,-187500.022352,-187500.022352,-187500.022352,-187500.022352,
84.8914499283,116,-107815.919258,-9983.29490224,-9980.29976848,-181651.263732,-187500.022352,-187500.022352,-187500.022352,-187500.022352,
84.9231629372,117,-107814.53345,-9970.73322186,-9969.52622766,-181648.693281,-187500.022352,-187500.022352,-187500.022352,-187500.022352,
84.9375629425,118,-107812.320627,-9962.68659385,-9962.77600083,-181645.318168,-187500.022352,-187500.022352,-187500.022352,-187500.022352,
84.9526050091,119,-107809.481956,-9982.6690534,-9981.95379757,-181641.518371,-187500.022352,-187500.022352,-187500.022352,-187500.022352,
85.1918449402,120,-107804.743386,-9992.23560002,-9989.53103894,-181635.773973,-187500.022352,-187500.022352,-187500.022352,-187500.022352,
85.2393798828,121,-107799.893057,-9982.98197782,-9980.56798942,-181629.806057,-187500.022352,-187500.022352,-187500.022352,-187500.022352,
85.4647068977,122,-107797.948456,-9971.11320151,-9967.69338461,-181626.855627,-187500.022352,-187500.022352,-187500.022352,-187500.022352,
85.5234289169,123,-107795.802688,-9985.46302145,-9982.49023944,-181623.681679,-187500.022352,-187500.022352,-187500.022352,-187500.022352,
85.9194989204,124,-107793.053424,-9986.4912017,-9987.40762322,-181619.904234,-187500.022352,-187500.022352,-187500.022352,-187500.022352,
85.967828989,125,-107789.365386,-9979.29393998,-9980.81385861,-181615.053906,-187500.022352,-187500.022352,-187500.022352,-187500.022352,
86.1627738476,126,-107784.783278,-9964.45238166,-9966.66520437,-181609.376563,-187500.022352,-187500.022352,-187500.022352,-187500.022352,
86.4162387848,127,-107782.257531,-9979.33864347,-9980.43387895,-181605.889691,-187500.022352,-187500.022352,-187500.022352,-187500.022352,
86.5704078674,128,-107778.480086,-9996.30361751,-9992.81674538,-181601.128769,-187500.022352,-187500.022352,-187500.022352,-187500.022352,
86.759912014,129,-107775.32849,-9993.95668435,-9987.54173369,-181597.016048,-187500.022352,-187500.022352,-187500.022352,-187500.022352,
86.9104559422,130,-107771.148714,-9977.57285566,-9969.57093115,-181591.673981,-187500.022352,-187500.022352,-187500.022352,-187500.022352,
86.9626419544,131,-107769.159409,-9984.01015806,-9976.25410274,-181588.634144,-187500.022352,-187500.022352,-187500.022352,-187500.022352,
87.0130708218,132,-107766.343089,-9990.42510872,-9985.06069005,-181584.767292,-187500.022352,-187500.022352,-187500.022352,-187500.022352,
87.3621277809,133,-107763.102086,-9986.11122204,-9981.43970745,-181580.38635,-187500.022352,-187500.022352,-187500.022352,-187500.022352,
87.4110929966,134,-107758.385868,-9969.07919277,-9965.45821017,-181574.530193,-187500.022352,-187500.022352,-187500.022352,-187500.022352,
87.4919469357,135,-107756.687135,-9974.22009399,-9969.61563463,-181571.736225,-187500.022352,-187500.022352,-187500.022352,-187500.022352,
87.7498989105,136,-107752.26149,-9996.01304484,-9987.40762322,-181566.371806,-187500.022352,-187500.022352,-187500.022352,-187500.022352,
88.0152518749,137,-107748.081714,-9996.43772798,-9986.6923674,-181561.074443,-187500.022352,-187500.022352,-187500.022352,-187500.022352,
88.1279218197,138,-107745.153635,-9981.97614932,-9972.85663758,-181557.006426,-187500.022352,-187500.022352,-187500.022352,-187500.022352,
88.1890199184,139,-107742.203205,-9975.22592249,-9967.11223925,-181552.96076,-187500.022352,-187500.022352,-187500.022352,-187500.022352,
88.2796549797,140,-107739.900975,-9986.11122204,-9980.07625104,-181549.563295,-187500.022352,-187500.022352,-187500.022352,-187500.022352,
88.3658838272,141,-107736.235289,-9985.53007669,-9979.40569871,-181544.802373,-187500.022352,-187500.022352,-187500.022352,-187500.022352,
88.4801340103,142,-107733.150748,-9973.95187306,-9967.80514333,-181540.622597,-187500.022352,-187500.022352,-187500.022352,-187500.022352,
88.6840000153,143,-107730.423836,-9966.17346599,-9959.80321882,-181536.867504,-187500.022352,-187500.022352,-187500.022352,-187500.022352,
88.7619140148,144,-107725.461748,-9988.16758253,-9978.95866382,-181530.899588,-187500.022352,-187500.022352,-187500.022352,-187500.022352,
88.9021239281,145,-107722.913649,-9994.44842272,-9984.45719295,-181527.278605,-187500.022352,-187500.022352,-187500.022352,-187500.022352,
89.2083039284,146,-107719.449129,-9985.01598656,-9974.15303876,-181522.785905,-187500.022352,-187500.022352,-187500.022352,-187500.022352,
89.3587269783,147,-107716.141071,-9970.68851837,-9960.40671592,-181518.427315,-187500.022352,-187500.022352,-187500.022352,-187500.022352,
89.5442609787,148,-107711.871888,-9978.53398067,-9971.04614628,-181513.107599,-187500.022352,-187500.022352,-187500.022352,-187500.022352,
89.662019968,149,-107708.18385,-9983.33960573,-9976.29880623,-181508.413733,-187500.022352,-187500.022352,-187500.022352,-187500.022352,
90.0742008686,150,-107705.725158,-9976.87995158,-9970.06266952,-181504.79275,-187500.022352,-187500.022352,-187500.022352,-187500.022352,
90.1738109589,151,-107703.0653,-9963.5136084,-9956.11518098,-181500.858843,-187500.022352,-187500.022352,-187500.022352,-187500.022352,
90.3947958946,152,-107698.147917,-9981.8643906,-9970.24148348,-181494.980335,-187500.022352,-187500.022352,-187500.022352,-187500.022352,
90.4590599537,153,-107694.325768,-9992.88380061,-9980.56798942,-181490.264117,-187500.022352,-187500.022352,-187500.022352,-187500.022352,
90.6223778725,154,-107692.224704,-9988.18993428,-9976.61173065,-181487.134872,-187500.022352,-187500.022352,-187500.022352,-187500.022352,
90.6642489433,155,-107689.743661,-9971.3590707,-9959.93732928,-181483.491538,-187500.022352,-187500.022352,-187500.022352,-187500.022352,
90.8334548473,156,-107685.563884,-9971.29201547,-9962.03839326,-181478.216526,-187500.022352,-187500.022352,-187500.022352,-187500.022352,
91.3543999195,158,-107679.081879,-9981.0597278,-9972.94604456,-181469.633456,-187500.022352,-187500.022352,-187500.022352,-187500.022352,
91.4217689037,159,-107675.729117,-9967.15694274,-9958.95385253,-181465.163108,-187500.022352,-187500.022352,-187500.022352,-187500.022352,
91.7028977871,160,-107672.845742,-9974.9800533,-9965.39115493,-181461.251552,-187500.022352,-187500.022352,-187500.022352,-187500.022352,
91.8567278385,161,-107669.068297,-9991.40858548,-9983.18314352,-181456.512982,-187500.022352,-187500.022352,-187500.022352,-187500.022352,
91.9427368641,162,-107666.319032,-9990.62627442,-9983.94310283,-181452.735538,-187500.022352,-187500.022352,-187500.022352,-187500.022352,
91.9957838058,163,-107662.675698,-9975.27062598,-9968.92273056,-181447.929913,-187500.022352,-187500.022352,-187500.022352,-187500.022352,
92.2646248341,164,-107657.82537,-9962.64189036,-9959.17736997,-181441.939645,-187500.022352,-187500.022352,-187500.022352,-187500.022352,
92.3937609196,165,-107653.287965,-9975.87412308,-9973.66130038,-181436.351709,-187500.022352,-187500.022352,-187500.022352,-187500.022352,
92.4819858074,166,-107650.449294,-9976.83524809,-9975.60590215,-181432.484857,-187500.022352,-187500.022352,-187500.022352,-187500.022352,
92.7068738937,167,-107647.252994,-9967.04518402,-9965.45821017,-181428.260377,-187500.022352,-187500.022352,-187500.022352,-187500.022352,
92.7391347885,168,-107646.113055,-9965.70407935,-9961.52430314,-181426.025203,-187500.022352,-187500.022352,-187500.022352,-187500.022352,
93.0249028206,169,-107642.134445,-9984.05486155,-9979.31629173,-181420.99606,-187500.022352,-187500.022352,-187500.022352,-187500.022352,
93.0646998882,170,-107639.228718,-9987.8993616,-9984.41248946,-181416.972746,-187500.022352,-187500.022352,-187500.022352,-187500.022352,
93.3671309948,171,-107638.781683,-9978.69044288,-9976.23175099,-181415.408124,-187500.022352,-187500.022352,-187500.022352,-187500.022352,
93.4352338314,172,-107636.859433,-9960.80904732,-9961.43489616,-181412.435342,-187500.022352,-187500.022352,-187500.022352,-187500.022352,
93.4927449226,237,-94154.7342127,-9630.1149881,-9659.86515997,-163503.368318,-187500.022352,-187500.022352,-187500.022352,-187500.022352,
93.8913869858,238,-94152.7225557,-9635.97114515,-9666.32481412,-163500.306129,-187500.022352,-187500.022352,-187500.022352,-187500.022352,
93.996942997,239,-94147.8945789,-9627.05279911,-9656.89237796,-163494.449972,-187500.022352,-187500.022352,-187500.022352,-187500.022352,
94.0220448971,240,-94142.4854568,-9618.49208099,-9645.76120922,-163487.990318,-187500.022352,-187500.022352,-187500.022352,-187500.022352,
94.1970767975,241,-94138.708012,-9634.45122653,-9660.80393324,-163483.296452,-187500.022352,-187500.022352,-187500.022352,-187500.022352,
94.2922379971,242,-94136.5622445,-9642.00611615,-9669.18583741,-163480.122504,-187500.022352,-187500.022352,-187500.022352,-187500.022352,
94.4606568813,243,-94134.505884,-9632.95365965,-9661.96622395,-163476.926205,-187500.022352,-187500.022352,-187500.022352,-187500.022352,
94.7601559162,244,-94129.8790729,-9608.79142389,-9641.49202603,-163471.204158,-187500.022352,-187500.022352,-187500.022352,-187500.022352,
95.126967907,245,-94127.7780089,-9619.94494438,-9652.22086337,-163467.963155,-187500.022352,-187500.022352,-187500.022352,-187500.022352,
95.228910923,246,-94124.0676193,-9632.05958987,-9663.08381117,-163463.202234,-187500.022352,-187500.022352,-187500.022352,-187500.022352,
95.246781826,247,-94121.8547966,-9629.89147066,-9660.42395358,-163459.961231,-187500.022352,-187500.022352,-187500.022352,-187500.022352,
95.4939479828,248,-94119.8431396,-9619.22968855,-9648.8681017,-163456.87669,-187500.022352,-187500.022352,-187500.022352,-187500.022352,
95.6468098164,249,-94118.3902762,-9628.99740088,-9657.89820646,-163454.44035,-187500.022352,-187500.022352,-187500.022352,-187500.022352,
95.800180912,250,-94112.7352849,-9642.36374406,-9671.01868046,-163447.846585,-187500.022352,-187500.022352,-187500.022352,-187500.022352,
95.9627838135,251,-94109.3378197,-9638.0051539,-9667.48710483,-163443.331533,-187500.022352,-187500.022352,-187500.022352,-187500.022352,
96.1280457973,252,-94103.9286976,-9613.73115942,-9644.80008421,-163436.76012,-187500.022352,-187500.022352,-187500.022352,-187500.022352,
96.2498288155,253,-94100.5088807,-9613.61940069,-9643.12370338,-163432.312123,-187500.022352,-187500.022352,-187500.022352,-187500.022352,
96.3785839081,254,-94095.2785725,-9629.01975262,-9658.43464833,-163426.053634,-187500.022352,-187500.022352,-187500.022352,-187500.022352,
96.6142368317,255,-94092.9986945,-9630.65142997,-9660.40160184,-163422.633818,-187500.022352,-187500.022352,-187500.022352,-187500.022352,
96.7920148373,0,-94092.9763428,-9623.65533395,-9651.32679359,-163421.560934,-187500.022352,-187500.022352,-187500.022352,-187500.022352,
97.0305149555,1,-94088.6848079,-9618.71559843,-9645.78356097,-163416.174163,-187500.022352,-187500.022352,-187500.022352,-187500.022352,
97.2334728241,2,-94085.9131915,-9635.99349689,-9663.77671525,-163412.463774,-187500.022352,-187500.022352,-187500.022352,-187500.022352,
97.4268407822,3,-94083.2086305,-9637.53576726,-9666.32481412,-163408.731032,-187500.022352,-187500.022352,-187500.022352,-187500.022352,
97.4987277985,4,-94077.6653978,-9617.8438804,-9649.0692674,-163402.047861,-187500.022352,-187500.022352,-187500.022352,-187500.022352,
97.5898039341,5,-94072.5692001,-9605.01397908,-9636.08290387,-163395.968186,-187500.022352,-187500.022352,-187500.022352,-187500.022352,
97.63656497,6,-94069.082328,-9622.53774673,-9653.18198838,-163391.475486,-187500.022352,-187500.022352,-187500.022352,-187500.022352,
97.7591249943,7,-94066.8471535,-9629.80206368,-9660.15573265,-163388.279186,-187500.022352,-187500.022352,-187500.022352,-187500.022352,
97.9556748867,8,-94063.2708744,-9626.53870899,-9653.83018897,-163383.562968,-187500.022352,-187500.022352,-187500.022352,-187500.022352,
97.9907619953,9,-94061.2592174,-9614.69228443,-9641.40261905,-163380.411372,-187500.022352,-187500.022352,-187500.022352,-187500.022352,
98.2806968689,10,-94058.1970284,-9629.82441542,-9655.77479074,-163376.432762,-187500.022352,-187500.022352,-187500.022352,-187500.022352,
98.340036869,11,-94054.8889702,-9636.48523527,-9662.81559024,-163372.118875,-187500.022352,-187500.022352,-187500.022352,-187500.022352,
98.5151438713,12,-94049.8598277,-9621.464863,-9651.66206976,-163365.972145,-187500.022352,-187500.022352,-187500.022352,-187500.022352,
98.6446349621,13,-94047.4458393,-9602.95761859,-9634.89826142,-163362.462921,-187500.022352,-187500.022352,-187500.022352,-187500.022352,
98.9112029076,14,-94043.9589672,-9614.40171175,-9645.42593305,-163357.903166,-187500.022352,-187500.022352,-187500.022352,-187500.022352,
99.0246629715,15,-94039.2651009,-9626.58341248,-9655.9089012,-163352.203471,-187500.022352,-187500.022352,-187500.022352,-187500.022352,
99.1093218327,16,-94038.7733625,-9629.80206368,-9656.33358435,-163350.616497,-187500.022352,-187500.022352,-187500.022352,-187500.022352,
99.2747659683,17,-94035.9346909,-9613.64175244,-9640.79912195,-163346.704942,-187500.022352,-187500.022352,-187500.022352,-187500.022352,
99.2994909286,18,-94035.3088421,-9621.28604904,-9649.71746799,-163345.073264,-187500.022352,-187500.022352,-187500.022352,-187500.022352,
99.5237147808,19,-94031.0620107,-9633.95948815,-9663.66495653,-163339.753549,-187500.022352,-187500.022352,-187500.022352,-187500.022352,
99.5978639126,20,-94027.530435,-9624.57175548,-9658.09937216,-163335.171441,-187500.022352,-187500.022352,-187500.022352,-187500.022352,
99.83096385,21,-94024.6247083,-9606.57860119,-9641.00028765,-163331.103424,-187500.022352,-187500.022352,-187500.022352,-187500.022352,
100.099717855,22,-94022.5683478,-9608.63496168,-9641.55908126,-163327.929476,-187500.022352,-187500.022352,-187500.022352,-187500.022352,
100.176054001,23,-94018.522682,-9627.61159272,-9658.94873845,-163322.833279,-187500.022352,-187500.022352,-187500.022352,-187500.022352,
100.446233988,24,-94016.8910047,-9634.63004048,-9664.2013984,-163320.218124,-187500.022352,-187500.022352,-187500.022352,-187500.022352,
100.556882858,25,-94013.6947052,-9620.99547636,-9650.2762616,-163315.926589,-187500.022352,-187500.022352,-187500.022352,-187500.022352,
100.724517822,26,-94008.2632313,-9613.55234546,-9643.57073826,-163309.511639,-187500.022352,-187500.022352,-187500.022352,-187500.022352,
100.79417491,27,-94004.9551731,-9628.95269739,-9660.93804371,-163305.153049,-187500.022352,-187500.022352,-187500.022352,-187500.022352,
101.198112965,28,-93999.4119405,-9623.29770604,-9659.39577334,-163298.536932,-187500.022352,-187500.022352,-187500.022352,-187500.022352,
101.383460999,29,-93993.7122457,-9608.03146458,-9645.6494505,-163291.71965,-187500.022352,-187500.022352,-187500.022352,-187500.022352,
101.545165777,30,-93987.386702,-9594.95569407,-9632.75249395,-163284.343575,-187500.022352,-187500.022352,-187500.022352,-187500.022352,
101.589275837,31,-93986.7161497,-9614.82639489,-9651.30444185,-163282.644842,-187500.022352,-187500.022352,-187500.022352,-187500.022352,
101.653278828,32,-93986.3808735,-9628.03627587,-9661.85446523,-163281.326089,-187500.022352,-187500.022352,-187500.022352,-187500.022352,
101.930684805,33,-93983.9221816,-9620.61549671,-9654.00900293,-163277.74981,-187500.022352,-187500.022352,-187500.022352,-187500.022352,
102.113452911,34,-93980.7035304,-9605.9304006,-9639.0109824,-163273.502979,-187500.022352,-187500.022352,-187500.022352,-187500.022352,
102.264095783,35,-93979.3847775,-9621.2636973,-9653.13728489,-163271.178397,-187500.022352,-187500.022352,-187500.022352,-187500.022352,
102.578772783,36,-93975.4732222,-9623.36476128,-9657.38411634,-163266.126903,-187500.022352,-187500.022352,-187500.022352,-187500.022352,
102.770336866,37,-93972.9251233,-9615.74281642,-9649.82922671,-163262.50592,-187500.022352,-187500.022352,-187500.022352,-187500.022352,
102.965199947,38,-93968.3430157,-9599.11311854,-9633.04306663,-163256.761522,-187500.022352,-187500.022352,-187500.022352,-187500.022352,
103.030373812,39,-93965.3031785,-9611.98772335,-9644.48715979,-163252.738208,-187500.022352,-187500.022352,-187500.022352,-187500.022352,
103.111049891,40,-93963.3585767,-9631.18787184,-9660.06632567,-163249.743074,-187500.022352,-187500.022352,-187500.022352,-187500.022352,
103.1995399,41,-93961.6374924,-9629.77971194,-9657.94290995,-163246.99381,-187500.022352,-187500.022352,-187500.022352,-187500.022352,
103.29496789,42,-93957.5247714,-9613.15001406,-9640.30738357,-163241.852908,-187500.022352,-187500.022352,-187500.022352,-187500.022352,
103.418757915,43,-93955.2448935,-9618.87206064,-9645.80591271,-163238.500147,-187500.022352,-187500.022352,-187500.022352,-187500.022352,
103.617678881,44,-93951.8027248,-9626.47165376,-9656.62415703,-163233.962743,-187500.022352,-187500.022352,-187500.022352,-187500.022352,
103.881115913,45,-93946.5277131,-9621.21899381,-9652.39967732,-163227.659551,-187500.022352,-187500.022352,-187500.022352,-187500.022352,
103.96559,46,-93941.7891433,-9604.45518547,-9635.76997945,-163221.803394,-187500.022352,-187500.022352,-187500.022352,-187500.022352,
104.093289852,47,-93940.7386113,-9608.03146458,-9638.83216844,-163219.679978,-187500.022352,-187500.022352,-187500.022352,-187500.022352,
104.226694822,48,-93938.7493061,-9631.27727881,-9660.58041579,-163216.640141,-187500.022352,-187500.022352,-187500.022352,-187500.022352,
104.356440783,49,-93933.6754601,-9631.23257533,-9660.44630533,-163210.560466,-187500.022352,-187500.022352,-187500.022352,-187500.022352,
104.446836948,50,-93929.6521461,-9617.59801121,-9646.02943015,-163205.397213,-187500.022352,-187500.022352,-187500.022352,-187500.022352,
104.701414824,51,-93925.0923902,-9609.48432797,-9638.42983704,-163199.786925,-187500.022352,-187500.022352,-187500.022352,-187500.022352,
